{"cameraMode":{"drawMode":0,"name":"Shaded","section":"Shading Mode"},"sceneLighting":false,"audioPlay":false,"sceneViewState":{"m_AlwaysRefresh":false,"showFog":true,"showSkybox":false,"showFlares":true,"showImageEffects":true,"showParticleSystems":true,"showVisualEffectGraphs":true,"m_FxEnabled":true},"in2DMode":false,"pivot":{"x":0.255060076713562,"y":-0.06131051480770111,"z":-0.46082645654678347},"rotation":{"x":-0.22891882061958314,"y":-0.6770697832107544,"z":0.23532181978225709,"w":-0.6586398482322693},"size":0.749914824962616,"orthographic":false}