{"cameraMode":{"drawMode":0,"name":"Shaded","section":"Shading Mode"},"sceneLighting":true,"audioPlay":false,"sceneViewState":{"m_AlwaysRefresh":false,"showFog":true,"showSkybox":true,"showFlares":true,"showImageEffects":true,"showParticleSystems":true,"showVisualEffectGraphs":true,"m_FxEnabled":true},"in2DMode":false,"pivot":{"x":17.67587661743164,"y":7.625173568725586,"z":0.6689531803131104},"rotation":{"x":0.0031858612783253195,"y":0.9353405833244324,"z":-0.3536672294139862,"w":0.0084161926060915},"size":4.4608001708984379,"orthographic":false}