{"cameraMode":{"drawMode":0,"name":"Shaded","section":"Shading Mode"},"sceneLighting":false,"audioPlay":false,"sceneViewState":{"m_AlwaysRefresh":false,"showFog":true,"showSkybox":false,"showFlares":true,"showImageEffects":true,"showParticleSystems":true,"showVisualEffectGraphs":true,"m_FxEnabled":true},"in2DMode":false,"pivot":{"x":-0.5206509828567505,"y":1.0131033658981324,"z":2.294450283050537},"rotation":{"x":-0.0008055302896536887,"y":0.9981215000152588,"z":0.013476092368364334,"w":0.059958316385746},"size":2.1498091220855715,"orthographic":false}